{
  "bill_depth_mm body_mass_g": 0.22615601497983304,
  "bill_length_mm bill_depth_mm": 0.13611707567601192,
  "bill_depth_mm flipper_length_mm": 0.10770856295657108,
  "bill_length_mm body_mass_g": 0.059475084220935906,
  "dist_to_cluster_2": 0.05451156428752664,
  "body_mass_g": 0.048996560567277234,
  "cluster_5": 0.04478544580721274,
  "dist_to_cluster_3": 0.042114459253143346,
  "bill_length_mm flipper_length_mm": 0.041838908429171366,
  "bill_depth_mm": 0.04147154620625287,
  "bill_length_mm": 0.03496878327364969,
  "bill_length_mm_bill_depth_mm_ratio": 0.03419436294174946,
  "body_mass_g_bill_length_mm bill_depth_mm_ratio": 0.0308478936629283,
  "dist_to_cluster_1": 0.025194938769803273,
  "dist_to_cluster_4": 0.02070792148140018,
  "body_mass_g_bill_length_mm^2_ratio": 0.020545047283543116,
  "flipper_length_mm": 0.015660168736825436,
  "species_Adelie": 0.005778365800629161,
  "species_Chinstrap": 0.002534069488766734,
  "island_Biscoe": 0.0020234283036718497,
  "species_Gentoo": 0.0017263789256045602,
  "island_Dream": 0.0015280232590665788,
  "island_Torgersen": 0.001115395688425417
}