{
  "timestamp": "2025-08-10 11:20:26",
  "method": "univariate",
  "k": 20,
  "original_features": 6,
  "selected_features": 10,
  "removed_features": 2,
  "feature_importance": {
    "body_mass_g": 0.2872762170252639,
    "bill_depth_mm": 0.28106668838534915,
    "bill_length_mm": 0.2120133094370593,
    "flipper_length_mm": 0.14382020684244087,
    "species_Gentoo": 0.021552179362507747,
    "species_Adelie": 0.020587329618977964,
    "species_Chinstrap": 0.01203863310303372,
    "island_Biscoe": 0.010056377782680568,
    "island_Dream": 0.005935212763414699,
    "island_Torgersen": 0.005653845679272251
  },
  "selected_feature_list": [
    "bill_length_mm",
    "bill_depth_mm",
    "flipper_length_mm",
    "body_mass_g",
    "species_Adelie",
    "species_Chinstrap",
    "species_Gentoo",
    "island_Biscoe",
    "island_Dream",
    "island_Torgersen"
  ],
  "removed_feature_list": [
    "species",
    "island"
  ]
}